{
    "__createdwith": "opl's Model Creator",
    "ambientocclusion": false,
    "textures": {
        "layer0": "items/dye_powder_orange"
    },
    "elements": [
        {
            "from": [0,0,0],
            "to": [2.5,16,2.5],
            "faces": {
                "up": {
                    "uv": [16,16,13.5,13.5],
                    "texture": "#layer0"
                },
                "down": {
                    "uv": [13.5,13.5,16,16],
                    "texture": "#layer0",
                    "rotation": 90
                },
                "west": {
                    "uv": [0,0,2.5,16],
                    "texture": "#layer0"
                },
                "east": {
                    "uv": [16,0,13.5,16],
                    "texture": "#layer0"
                },
                "north": {
                    "uv": [13.5,0,16,16],
                    "texture": "#layer0"
                },
                "south": {
                    "uv": [2.5,0,0,16],
                    "texture": "#layer0"
                }
            }
        },
        {
            "from": [13.5,0,13.5],
            "to": [16,16,16],
            "faces": {
                "up": {
                    "uv": [2.5,2.5,0,0],
                    "texture": "#layer0"
                },
                "down": {
                    "uv": [0,0,2.5,2.5],
                    "texture": "#layer0",
                    "rotation": 90
                },
                "west": {
                    "uv": [2.5,0,0,16],
                    "texture": "#layer0"
                },
                "east": {
                    "uv": [0,0,2.5,16],
                    "texture": "#layer0"
                },
                "north": {
                    "uv": [2.5,0,0,16],
                    "texture": "#layer0"
                },
                "south": {
                    "uv": [13.5,0,16,16],
                    "texture": "#layer0"
                }
            }
        },
        {
            "from": [13.5,0,0],
            "to": [16,16,2.5],
            "faces": {
                "up": {
                    "uv": [2.5,16,0,13.5],
                    "texture": "#layer0"
                },
                "down": {
                    "uv": [13.5,0,16,2.5],
                    "texture": "#layer0",
                    "rotation": 90
                },
                "west": {
                    "uv": [2.5,0,0,16],
                    "texture": "#layer0"
                },
                "east": {
                    "uv": [13.5,0,16,16],
                    "texture": "#layer0"
                },
                "north": {
                    "uv": [0,0,2.5,16],
                    "texture": "#layer0"
                },
                "south": {
                    "uv": [2.5,0,0,16],
                    "texture": "#layer0"
                }
            }
        },
        {
            "from": [0,0,13.5],
            "to": [2.5,16,16],
            "faces": {
                "up": {
                    "uv": [16,2.5,13.5,0],
                    "texture": "#layer0"
                },
                "down": {
                    "uv": [0,13.5,2.5,16],
                    "texture": "#layer0",
                    "rotation": 90
                },
                "west": {
                    "uv": [13.5,0,16,16],
                    "texture": "#layer0"
                },
                "east": {
                    "uv": [2.5,0,0,16],
                    "texture": "#layer0"
                },
                "north": {
                    "uv": [16,0,13.5,16],
                    "texture": "#layer0"
                },
                "south": {
                    "uv": [0,0,2.5,16],
                    "texture": "#layer0"
                }
            }
        },
        {
            "from": [0,13.5,2.5],
            "to": [2.5,16,13.5],
            "faces": {
                "up": {
                    "uv": [16,13.5,13.5,2.5],
                    "texture": "#layer0"
                },
                "down": {
                    "uv": [2.5,0,13.5,2.5],
                    "texture": "#layer0",
                    "rotation": 90
                },
                "west": {
                    "uv": [2.5,0,13.5,2.5],
                    "texture": "#layer0"
                },
                "east": {
                    "uv": [2.5,0,13.5,2.5],
                    "texture": "#layer0"
                },
                "north": {
                    "uv": [13.5,0,16,16],
                    "texture": "#layer0"
                },
                "south": {
                    "uv": [0,0,2.5,16],
                    "texture": "#layer0"
                }
            }
        },
        {
            "from": [0,0,2.5],
            "to": [2.5,2.5,13.5],
            "faces": {
                "up": {
                    "uv": [13.5,2.5,16,13.5],
                    "texture": "#layer0"
                },
                "down": {
                    "uv": [2.5,0,13.5,2.5],
                    "texture": "#layer0",
                    "rotation": 90
                },
                "west": {
                    "uv": [2.5,0,13.5,2.5],
                    "texture": "#layer0"
                },
                "east": {
                    "uv": [2.5,2.5,13.5,0],
                    "texture": "#layer0"
                },
                "north": {
                    "uv": [13.5,0,16,16],
                    "texture": "#layer0"
                },
                "south": {
                    "uv": [0,0,2.5,16],
                    "texture": "#layer0"
                }
            }
        },
        {
            "from": [13.5,13.5,2.5],
            "to": [16,16,13.5],
            "faces": {
                "up": {
                    "uv": [16,13.5,13.5,2.5],
                    "texture": "#layer0"
                },
                "down": {
                    "uv": [2.5,2.5,13.5,0],
                    "texture": "#layer0",
                    "rotation": 90
                },
                "west": {
                    "uv": [2.5,2.5,13.5,0],
                    "texture": "#layer0"
                },
                "east": {
                    "uv": [2.5,0,13.5,2.5],
                    "texture": "#layer0"
                },
                "north": {
                    "uv": [13.5,0,16,16],
                    "texture": "#layer0"
                },
                "south": {
                    "uv": [0,0,2.5,16],
                    "texture": "#layer0"
                }
            }
        },
        {
            "from": [2.5,13.5,0],
            "to": [13.5,16,2.5],
            "faces": {
                "up": {
                    "uv": [13.5,2.5,2.5,0],
                    "texture": "#layer0"
                },
                "down": {
                    "uv": [0,13.5,2.5,2.5],
                    "texture": "#layer0",
                    "rotation": 90
                },
                "west": {
                    "uv": [2.5,2.5,13.5,0],
                    "texture": "#layer0"
                },
                "east": {
                    "uv": [2.5,0,13.5,2.5],
                    "texture": "#layer0"
                },
                "north": {
                    "uv": [2.5,0,13.5,2.5],
                    "texture": "#layer0"
                },
                "south": {
                    "uv": [2.5,0,13.5,2.5],
                    "texture": "#layer0"
                }
            }
        },
        {
            "from": [2.5,13.5,13.5],
            "to": [13.5,16,16],
            "faces": {
                "up": {
                    "uv": [13.5,2.5,2.5,0],
                    "texture": "#layer0"
                },
                "down": {
                    "uv": [2.5,2.5,0,13.5],
                    "texture": "#layer0",
                    "rotation": 90
                },
                "west": {
                    "uv": [2.5,2.5,13.5,0],
                    "texture": "#layer0"
                },
                "east": {
                    "uv": [2.5,0,13.5,2.5],
                    "texture": "#layer0"
                },
                "north": {
                    "uv": [2.5,2.5,13.5,0],
                    "texture": "#layer0"
                },
                "south": {
                    "uv": [2.5,0,13.5,2.5],
                    "texture": "#layer0"
                }
            }
        },
        {
            "from": [2.5,0,13.5],
            "to": [13.5,2.5,16],
            "faces": {
                "up": {
                    "uv": [2.5,2.5,13.5,0],
                    "texture": "#layer0"
                },
                "down": {
                    "uv": [0,2.5,2.5,13.5],
                    "texture": "#layer0",
                    "rotation": 90
                },
                "west": {
                    "uv": [2.5,2.5,13.5,0],
                    "texture": "#layer0"
                },
                "east": {
                    "uv": [2.5,0,13.5,2.5],
                    "texture": "#layer0"
                },
                "north": {
                    "uv": [2.5,0,13.5,2.5],
                    "texture": "#layer0"
                },
                "south": {
                    "uv": [2.5,0,13.5,2.5],
                    "texture": "#layer0"
                }
            }
        },
        {
            "from": [2.5,0,0],
            "to": [13.5,2.5,2.5],
            "faces": {
                "up": {
                    "uv": [2.5,0,13.5,2.5],
                    "texture": "#layer0"
                },
                "down": {
                    "uv": [0,2.5,2.5,13.5],
                    "texture": "#layer0",
                    "rotation": 90
                },
                "west": {
                    "uv": [2.5,2.5,13.5,0],
                    "texture": "#layer0"
                },
                "east": {
                    "uv": [2.5,0,13.5,2.5],
                    "texture": "#layer0"
                },
                "north": {
                    "uv": [2.5,0,13.5,2.5],
                    "texture": "#layer0"
                },
                "south": {
                    "uv": [2.5,2.5,13.5,0],
                    "texture": "#layer0"
                }
            }
        },
        {
            "from": [13.5,0,2.5],
            "to": [16,2.5,13.5],
            "faces": {
                "up": {
                    "uv": [16,13.5,13.5,2.5],
                    "texture": "#layer0"
                },
                "down": {
                    "uv": [2.5,0,13.5,2.5],
                    "texture": "#layer0",
                    "rotation": 90
                },
                "west": {
                    "uv": [2.5,0,13.5,2.5],
                    "texture": "#layer0"
                },
                "east": {
                    "uv": [2.5,0,13.5,2.5],
                    "texture": "#layer0"
                },
                "north": {
                    "uv": [13.5,0,16,16],
                    "texture": "#layer0"
                },
                "south": {
                    "uv": [0,0,2.5,16],
                    "texture": "#layer0"
                }
            }
        },
        {
            "from": [0.5,0.5,0.5],
            "to": [15.5,15.5,15.5],
            "faces": {
                "up": {
                    "uv": [15.5,15.5,0.5,0.5],
                    "texture": "#layer0"
                },
                "down": {
                    "uv": [15.5,0.5,0.5,15.5],
                    "texture": "#layer0"
                },
                "west": {
                    "texture": "#layer0"
                },
                "east": {
                    "texture": "#layer0"
                },
                "north": {
                    "texture": "#layer0"
                },
                "south": {
                    "texture": "#layer0"
                }
            }
        }
    ],
"display": {
    "thirdperson": {
        "rotation": [ 0, 90, -90 ],
        "translation": [ 0, 1.5, -2 ],
        "scale": [ 0.4, 0.4, 0.4 ]
    },
    "head": {
        "rotation": [ -180, 0, -50 ],
        "translation": [ -4, -4, 2 ],
        "scale": [ 1, 1, 1 ]
    },
    "ground": {
        "rotation": [ 0, 0, 0 ],
        "translation": [ 0, 0, 0 ],
        "scale": [ 1.5, 1.5, 1.5 ]
    },
    "fixed": {
        "rotation": [ 0, 0, 0 ],
        "translation": [ 0, -2, 0 ],
        "scale": [ 1.5, 1.5, 1.5 ]
    },
    "firstperson": {
        "rotation": [ -10, -135, -5 ],
        "translation": [ 0, 3, 0 ],
        "scale": [ 1, 1, 1 ]
    },
    "gui": {
        "rotation": [ 0, 0, 0 ],
        "translation": [ 0, 0, 0 ],
        "scale": [ 1, 1, 1 ]
    }
}
}