{
    "__createdwith": "opl's Model Creator",
    "ambientocclusion": false,
    "textures": {
        "layer0": "items/netherbrick"
    },
    "elements": [
        {
            "from": [7,0,7.5],
            "to": [9,5,8.5],
            "faces": {
                "down": {
                    "uv": [7,15,9,16],
                    "texture": "#layer0",
                    "rotation": 90
                },
                "west": {
                    "texture": "#layer0"
                },
                "east": {
                    "texture": "#layer0"
                },
                "north": {
                    "uv": [7,11,9,16],
                    "texture": "#layer0"
                },
                "south": {
                    "uv": [7,11,9,16],
                    "texture": "#layer0"
                }
            }
        },
        {
            "from": [6,5,7],
            "to": [10,6,9],
            "faces": {
                "up": {
                    "uv": [1,9,5,11],
                    "texture": "#layer0"
                },
                "down": {
                    "uv": [1,9,5,11],
                    "texture": "#layer0"
                },
                "west": {
                    "texture": "#layer0"
                },
                "east": {
                    "texture": "#layer0"
                },
                "north": {
                    "texture": "#layer0"
                },
                "south": {
                    "texture": "#layer0"
                }
            }
        },
        {
            "from": [7,6,7.75],
            "to": [9,11.5,8.25],
            "faces": {
                "up": {
                    "uv": [8.5,4.5,9,6.5],
                    "texture": "#layer0"
                },
                "west": {
                    "uv": [8.5,4.5,9,10],
                    "texture": "#layer0"
                },
                "east": {
                    "uv": [7.5,4.5,7,10],
                    "texture": "#layer0"
                },
                "north": {
                    "uv": [7,4.5,9,10],
                    "texture": "#layer0"
                },
                "south": {
                    "uv": [9,4.5,7,10],
                    "texture": "#layer0"
                }
            }
        },
        {
            "from": [7.5,11.5,7.75],
            "to": [9,12.5,8.25],
            "faces": {
                "up": {
                    "uv": [8,3.5,8.5,5],
                    "texture": "#layer0",
                    "rotation": 270
                },
                "west": {
                    "uv": [8,3.5,8.5,4.5],
                    "texture": "#layer0"
                },
                "east": {
                    "uv": [7.5,3.5,7,4.5],
                    "texture": "#layer0"
                },
                "north": {
                    "uv": [7,3.5,8.5,4.5],
                    "texture": "#layer0"
                },
                "south": {
                    "uv": [8.5,3.5,7,4.5],
                    "texture": "#layer0"
                }
            }
        },
        {
            "from": [8,12.5,7.75],
            "to": [9,13.5,8.25],
            "faces": {
                "up": {
                    "uv": [7.5,2.5,8,3.5],
                    "texture": "#layer0",
                    "rotation": 270
                },
                "west": {
                    "uv": [7.5,2.5,8,3.5],
                    "texture": "#layer0"
                },
                "east": {
                    "uv": [7.5,2.5,7,3.5],
                    "texture": "#layer0"
                },
                "north": {
                    "uv": [7,2.5,8,3.5],
                    "texture": "#layer0"
                },
                "south": {
                    "uv": [8,2.5,7,3.5],
                    "texture": "#layer0"
                }
            }
        },
        {
            "from": [8.5,13.5,7.75],
            "to": [9,14.5,8.25],
            "faces": {
                "up": {
                    "uv": [7,1.5,7.5,2],
                    "texture": "#layer0"
                },
                "west": {
                    "uv": [7,1.5,7.5,2.5],
                    "texture": "#layer0"
                },
                "east": {
                    "uv": [7.5,2.5,7,3.5],
                    "texture": "#layer0"
                },
                "north": {
                    "uv": [7,1.5,7.5,2.5],
                    "texture": "#layer0"
                },
                "south": {
                    "uv": [7,1.5,7.5,2.5],
                    "texture": "#layer0"
                }
            }
        }
    ],
"display": {
    "thirdperson": {
        "rotation": [ 0, 90, -90 ],
        "translation": [ 0, 1, -3 ],
        "scale": [ 1, 1, 1 ]
    },
    "head": {
        "rotation": [ -180, 0, -50 ],
        "translation": [ -4, -4, 2 ],
        "scale": [ 1, 1, 1 ]
    },
    "ground": {
        "rotation": [ 0, 0, 0 ],
        "translation": [ 0, 0, 0 ],
        "scale": [ 1.5, 1.5, 1.5 ]
    },
    "fixed": {
        "rotation": [ 0, 0, 0 ],
        "translation": [ 0, -2, 0 ],
        "scale": [ 1.5, 1.5, 1.5 ]
    },
    "firstperson": {
        "rotation": [ -10, -135, -5 ],
        "translation": [ 0, 3, 0 ],
        "scale": [ 1.7, 1.7, 1.7 ]
    },
    "gui": {
        "rotation": [ 45, -90, 25 ],
        "translation": [ 1, -1, 0 ],
        "scale": [ 1.1, 1.1, 1.1 ]
    }
}
}