{
    "__createdwith": "opl's Model Creator",
    "ambientocclusion": false,
    "textures": {
        "layer0": "items/sugar"
    },
    "elements": [
        {
            "from": [0,4,2],
            "to": [16,12,14],
            "faces": {
                "up": {
                    "uv": [0,2,3.5,14],
                    "texture": "#layer0",
                    "rotation": 90
                },
                "down": {
                    "uv": [3.5,2,0,14],
                    "texture": "#layer0",
                    "rotation": 90
                },
                "west": {
                    "uv": [3.5,1,12.5,15],
                    "texture": "#layer0",
                    "rotation": 90
                },
                "east": {
                    "uv": [3.5,1,12.5,15],
                    "texture": "#layer0",
                    "rotation": 90
                },
                "north": {
                    "uv": [3.5,0,12.5,1],
                    "texture": "#layer0",
                    "rotation": 90
                },
                "south": {
                    "uv": [3.5,0,12.5,1],
                    "texture": "#layer0",
                    "rotation": 90
                }
            }
        },
        {
            "from": [4,2,0],
            "to": [12,14,16],
            "faces": {
                "up": {
                    "uv": [3.5,0,12.5,1],
                    "texture": "#layer0"
                },
                "down": {
                    "uv": [3.5,0,12.5,3.5],
                    "texture": "#layer0"
                },
                "west": {
                    "uv": [0,2,3.5,14],
                    "texture": "#layer0",
                    "rotation": 90
                },
                "east": {
                    "uv": [0,2,3.5,14],
                    "texture": "#layer0",
                    "rotation": 90
                },
                "north": {
                    "uv": [3.5,1,12.5,15],
                    "texture": "#layer0",
                    "rotation": 180
                },
                "south": {
                    "uv": [3.5,1,12.5,15],
                    "texture": "#layer0"
                }
            }
        },
        {
            "from": [2,0,4],
            "to": [14,16,12],
            "faces": {
                "up": {
                    "uv": [3.5,1,12.5,15],
                    "texture": "#layer0",
                    "rotation": 90
                },
                "down": {
                    "uv": [3.5,1,12.5,15],
                    "texture": "#layer0",
                    "rotation": 270
                },
                "west": {
                    "uv": [3.5,0,12.5,1],
                    "texture": "#layer0"
                },
                "east": {
                    "uv": [12.5,0,3.5,1],
                    "texture": "#layer0"
                },
                "north": {
                    "uv": [3.5,2,0,14],
                    "texture": "#layer0"
                },
                "south": {
                    "uv": [0,2,3.5,14],
                    "texture": "#layer0"
                }
            }
        }
    ],
"display": {
    "thirdperson": {
        "rotation": [ 0, 90, -90 ],
        "translation": [ 0, 1.5, -2 ],
        "scale": [ 0.4, 0.4, 0.4 ]
    },
    "head": {
        "rotation": [ -180, 0, -50 ],
        "translation": [ -4, -4, 2 ],
        "scale": [ 1, 1, 1 ]
    },
    "ground": {
        "rotation": [ 0, 0, 0 ],
        "translation": [ 0, 0, 0 ],
        "scale": [ 1.5, 1.5, 1.5 ]
    },
    "fixed": {
        "rotation": [ 0, 0, 0 ],
        "translation": [ 0, -2, 0 ],
        "scale": [ 1.5, 1.5, 1.5 ]
    },
    "firstperson": {
        "rotation": [ -10, -135, -5 ],
        "translation": [ 0, 3, 0 ],
        "scale": [ 1, 1, 1 ]
    },
    "gui": {
        "rotation": [ 0, 0, 0 ],
        "translation": [ 0, 0, 0 ],
        "scale": [ 1, 1, 1 ]
    }
}
}