{
    "__createdwith": "opl's Model Creator",
    "ambientocclusion": false,
    "textures": {
        "particle": "blocks/other/wood_pickaxe",
        "wood": "blocks/other/wood_pickaxe",
        "texture": "blocks/other/wood_pickaxe"
    },
    "elements": [
        {
            "from": [7,-3,7.5],
            "to": [9,27,8.5],
            "faces": {
                "up": {
                    "uv": [14,15,16,16],
                    "texture": "#texture"
                },
                "down": {
                    "uv": [14,15,16,16],
                    "texture": "#texture"
                },
                "west": {
                    "uv": [15,0,16,16],
                    "texture": "#wood"
                },
                "east": {
                    "uv": [15,0,16,16],
                    "texture": "#wood"
                },
                "north": {
                    "uv": [15,0,16,16],
                    "texture": "#wood"
                },
                "south": {
                    "uv": [15,0,16,16],
                    "texture": "#wood"
                }
            }
        },
        {
            "from": [7.5,-3,7],
            "to": [8.5,27,9],
            "faces": {
                "up": {
                    "uv": [15,14,16,16],
                    "texture": "#texture"
                },
                "down": {
                    "uv": [15,14,16,16],
                    "texture": "#texture"
                },
                "west": {
                    "uv": [15,0,16,16],
                    "texture": "#wood"
                },
                "east": {
                    "uv": [15,0,16,16],
                    "texture": "#wood"
                },
                "north": {
                    "uv": [15,0,16,16],
                    "texture": "#wood"
                },
                "south": {
                    "uv": [15,0,16,16],
                    "texture": "#wood"
                }
            }
        },
        {
            "from": [7.25,-3,7.25],
            "to": [8.75,27,8.75],
            "faces": {
                "up": {
                    "uv": [15,14,16,16],
                    "texture": "#texture"
                },
                "down": {
                    "uv": [15,14,16,16],
                    "texture": "#texture"
                },
                "west": {
                    "uv": [15,0,16,16],
                    "texture": "#wood"
                },
                "east": {
                    "uv": [15,0,16,16],
                    "texture": "#wood"
                },
                "north": {
                    "uv": [15,0,16,16],
                    "texture": "#wood"
                },
                "south": {
                    "uv": [15,0,16,16],
                    "texture": "#wood"
                }
            }
        },
        {
            "from": [7.5,27,7.25],
            "to": [8.5,27.25,8.75],
            "faces": {
                "up": {
                    "uv": [15,14,16,16],
                    "texture": "#texture"
                },
                "down": {
                    "uv": [15,14,16,16],
                    "texture": "#texture"
                },
                "west": {
                    "uv": [15,15.75,16,16],
                    "texture": "#wood"
                },
                "east": {
                    "uv": [15,15.75,16,16],
                    "texture": "#wood"
                },
                "north": {
                    "uv": [15,15.75,16,16],
                    "texture": "#wood"
                },
                "south": {
                    "uv": [15,15.75,16,16],
                    "texture": "#wood"
                }
            }
        },
        {
            "from": [7.25,27,7.5],
            "to": [8.75,27.25,8.5],
            "faces": {
                "up": {
                    "uv": [15,14,16,16],
                    "texture": "#texture"
                },
                "down": {
                    "uv": [15,14,16,16],
                    "texture": "#texture"
                },
                "west": {
                    "uv": [15,15.75,16,16],
                    "texture": "#wood"
                },
                "east": {
                    "uv": [15,15.75,16,16],
                    "texture": "#wood"
                },
                "north": {
                    "uv": [15,15.75,16,16],
                    "texture": "#wood"
                },
                "south": {
                    "uv": [15,15.75,16,16],
                    "texture": "#wood"
                }
            }
        },
        {
            "from": [7.5,27.25,7.5],
            "to": [8.5,27.5,8.5],
            "faces": {
                "up": {
                    "uv": [15,14,16,16],
                    "texture": "#texture"
                },
                "down": {
                    "uv": [15,14,16,16],
                    "texture": "#texture"
                },
                "west": {
                    "uv": [15,15.75,16,16],
                    "texture": "#wood"
                },
                "east": {
                    "uv": [15,15.75,16,16],
                    "texture": "#wood"
                },
                "north": {
                    "uv": [15,15.75,16,16],
                    "texture": "#wood"
                },
                "south": {
                    "uv": [15,15.75,16,16],
                    "texture": "#wood"
                }
            }
        },
        {
            "from": [7.5,-3.25,7.25],
            "to": [8.5,-3,8.75],
            "faces": {
                "up": {
                    "uv": [15,14,16,16],
                    "texture": "#texture"
                },
                "down": {
                    "uv": [15,14,16,16],
                    "texture": "#texture"
                },
                "west": {
                    "uv": [15,15.75,16,16],
                    "texture": "#wood"
                },
                "east": {
                    "uv": [15,15.75,16,16],
                    "texture": "#wood"
                },
                "north": {
                    "uv": [15,15.75,16,16],
                    "texture": "#wood"
                },
                "south": {
                    "uv": [15,15.75,16,16],
                    "texture": "#wood"
                }
            }
        },
        {
            "from": [7.25,-3.25,7.5],
            "to": [8.75,-3,8.5],
            "faces": {
                "up": {
                    "uv": [15,14,16,16],
                    "texture": "#texture"
                },
                "down": {
                    "uv": [15,14,16,16],
                    "texture": "#texture"
                },
                "west": {
                    "uv": [15,15.75,16,16],
                    "texture": "#wood"
                },
                "east": {
                    "uv": [15,15.75,16,16],
                    "texture": "#wood"
                },
                "north": {
                    "uv": [15,15.75,16,16],
                    "texture": "#wood"
                },
                "south": {
                    "uv": [15,15.75,16,16],
                    "texture": "#wood"
                }
            }
        },
        {
            "from": [7.5,-3.5,7.5],
            "to": [8.5,-3.25,8.5],
            "faces": {
                "up": {
                    "uv": [15,14,16,16],
                    "texture": "#texture"
                },
                "down": {
                    "uv": [15,14,16,16],
                    "texture": "#texture"
                },
                "west": {
                    "uv": [15,15.75,16,16],
                    "texture": "#wood"
                },
                "east": {
                    "uv": [15,15.75,16,16],
                    "texture": "#wood"
                },
                "north": {
                    "uv": [15,15.75,16,16],
                    "texture": "#wood"
                },
                "south": {
                    "uv": [15,15.75,16,16],
                    "texture": "#wood"
                }
            }
        }
    ],
"display": {
    "thirdperson": {
        "rotation": [ 0, 90, -90 ],
        "translation": [ 0, 1, -3 ],
        "scale": [ 1, 1, 1 ]
    },
    "head": {
        "rotation": [ -180, 0, -50 ],
        "translation": [ -4, -4, 2 ],
        "scale": [ 1, 1, 1 ]
    },
    "ground": {
        "rotation": [ 0, 0, 0 ],
        "translation": [ 0, 0, 0 ],
        "scale": [ 1.5, 1.5, 1.5 ]
    },
    "fixed": {
        "rotation": [ 0, 0, 0 ],
        "translation": [ 0, -2, 0 ],
        "scale": [ 1.5, 1.5, 1.5 ]
    },
    "firstperson": {
        "rotation": [ -10, -135, -5 ],
        "translation": [ 0, 3, 0 ],
        "scale": [ 1.7, 1.7, 1.7 ]
    },
    "gui": {
        "rotation": [ 45, -90, 25 ],
        "translation": [ 1, -1, 0 ],
        "scale": [ 1.1, 1.1, 1.1 ]
    }
}
}