{
    "variants": {
        "axis=y":  [
			{ "model": "acacia_log_2" },
			{ "model": "acacia_log_3" },
			{ "model": "acacia_log_4" },
			{ "model": "acacia_log_5" },
			{ "model": "acacia_log_2", "y": 90 },
			{ "model": "acacia_log_3", "y": 90 },
			{ "model": "acacia_log_4", "y": 90 },
			{ "model": "acacia_log_5", "y": 90 },
			{ "model": "acacia_log_8" }
		],
        "axis=z":   [
			{ "model": "acacia_log_1" },
			{ "model": "acacia_log_1", "y": 90 },
			{ "model": "acacia_log_1", "y": 180 },
			{ "model": "acacia_log_1", "y": 270 }
		],
        "axis=x":   [
			{ "model": "acacia_log_6" },
			{ "model": "acacia_log_7" },
			{ "model": "acacia_log_6", "y": 90 },
			{ "model": "acacia_log_7", "y": 90 },
			{ "model": "acacia_log_6", "y": 180 },
			{ "model": "acacia_log_7", "y": 180 },
			{ "model": "acacia_log_6", "y": 270 },
			{ "model": "acacia_log_7", "y": 270 }
		],
        "axis=none": { "model": "acacia_bark" }
    }
}