{
    "variants": {
        "normal": [
			{ "model": "dark_prismarine" },
			{ "model": "dark_prismarine", "y": 90 },
			{ "model": "dark_prismarine", "y": 180 },
			{ "model": "dark_prismarine", "y": 270 },
			{ "model": "dark_prismarine_1" },
			{ "model": "dark_prismarine_1", "y": 90 },
			{ "model": "dark_prismarine_1", "y": 180 },
			{ "model": "dark_prismarine_1", "y": 270 },
			{ "model": "dark_prismarine_2" },
			{ "model": "dark_prismarine_2", "y": 90 },
			{ "model": "dark_prismarine_2", "y": 180 },
			{ "model": "dark_prismarine_2", "y": 270 }
		]
    }
}
