{
    "variants": {
        "normal": [
            { "model": "dirt", "weight": 100  },
            { "model": "dirt", "y": 90, "weight": 1  },
            { "model": "dirt", "y": 180, "weight": 1  },
            { "model": "dirt", "y": 270, "weight": 1  },
            { "model": "dirt_1", "weight": 10  },
            { "model": "dirt_2", "weight": 10  },
            { "model": "dirt_3", "weight": 10  },
            { "model": "dirt_4", "weight": 1  },
            { "model": "dirt_5", "weight": 1  }
        ]
    }
}
