{
    "__createdwith": "opl's Model Creator",
    "ambientocclusion": false,
    "textures": {
        "particle": "blocks/other/door_acacia",
        "top": "blocks/other/door_acacia"
    },
    "elements": [
        {
            "from": [0,0,0],
            "to": [3,16,16],
            "faces": {
                "up": {
                    "uv": [8,0,0,0.75],
                    "texture": "#top",
                    "cullface": up,
                    "rotation": 90
                },
                "west": {
                    "uv": [8,0,0,8],
                    "texture": "#top",
                    "cullface": west
                },
                "east": {
                    "uv": [0,0,8,8],
                    "texture": "#top"
                },
                "north": {
                    "uv": [8,0,7.25,8],
                    "texture": "#top",
                    "cullface": north
                },
                "south": {
                    "uv": [0,0,0.75,8],
                    "texture": "#top",
                    "cullface": south
                }
            }
        }
    ]
}