{
    "__createdwith": "opl's Model Creator",
    "ambientocclusion": false,
    "textures": {
        "particle": "blocks/other/sponge_top",
        "top": "blocks/other/sponge_top"
    },
    "elements": [
        {
            "from": [0,0,0],
            "to": [16,1,16],
            "faces": {
                "up": {
                    "texture": "#top"
                },
                "down": {
                    "texture": "#top"
                },
                "west": {
                    "uv": [0,0,16,1.5],
                    "texture": "#top"
                },
                "east": {
                    "uv": [0,0,16,1.5],
                    "texture": "#top"
                },
                "north": {
                    "uv": [16,0,0,1.5],
                    "texture": "#top"
                },
                "south": {
                    "uv": [0,0,16,1.5],
                    "texture": "#top"
                }
            }
        },
        {
            "from": [1,-1,1],
            "to": [15,0,15],
            "faces": {
                "up": {
                    "texture": "#top"
                },
                "down": {
                    "texture": "#top"
                },
                "west": {
                    "uv": [1,1,15,2],
                    "texture": "#top"
                },
                "east": {
                    "uv": [1,1,15,2],
                    "texture": "#top"
                },
                "north": {
                    "uv": [15,1,1,2],
                    "texture": "#top"
                },
                "south": {
                    "uv": [1,1,15,2],
                    "texture": "#top"
                }
            }
        }
    ]
}