{
    "__createdwith": "opl's Model Creator",
    "ambientocclusion": false,
    "textures": {
        "particle": "blocks/cocoa_stage_2",
        "cocoa": "blocks/cocoa_stage_2"
    },
    "elements": [
        {
            "from": [6,4,9],
            "to": [10,12,13],
            "faces": {
                "up": {
                    "uv": [1,1,6,6],
                    "texture": "#cocoa"
                },
                "west": {
                    "uv": [9,4,14,13],
                    "texture": "#cocoa"
                },
                "east": {
                    "uv": [9,4,14,13],
                    "texture": "#cocoa"
                },
                "north": {
                    "uv": [9,4,14,13],
                    "texture": "#cocoa"
                },
                "south": {
                    "uv": [9,4,14,13],
                    "texture": "#cocoa"
                }
            }
        },
        {
            "from": [8,12,7],
            "to": [8,15,16],
            "faces": {
                "west": {
                    "uv": [7,1,16,4],
                    "texture": "#cocoa"
                },
                "east": {
                    "uv": [16,1,7.5,4],
                    "texture": "#cocoa"
                }
            }
        },
        {
            "from": [5,4,7],
            "to": [11,11,15],
            "faces": {
                "up": {
                    "uv": [1.5,0.5,5.5,6.5],
                    "texture": "#cocoa"
                },
                "down": {
                    "uv": [1.5,0.5,5.5,6.5],
                    "texture": "#cocoa"
                },
                "west": {
                    "uv": [7,5,16,13],
                    "texture": "#cocoa"
                },
                "east": {
                    "uv": [7,5,16,13],
                    "texture": "#cocoa"
                },
                "north": {
                    "uv": [8,5,15,13],
                    "texture": "#cocoa"
                },
                "south": {
                    "uv": [8,5,15,13],
                    "texture": "#cocoa"
                }
            }
        },
        {
            "from": [4,4,8],
            "to": [5,11,14],
            "faces": {
                "up": {
                    "uv": [0.5,1.5,1.5,5.5],
                    "texture": "#cocoa"
                },
                "down": {
                    "uv": [0.5,1.5,1.5,5.5],
                    "texture": "#cocoa"
                },
                "west": {
                    "uv": [8,5,15,13],
                    "texture": "#cocoa"
                },
                "east": {
                    "uv": [8,5,15,13],
                    "texture": "#cocoa"
                },
                "north": {
                    "uv": [15,5,16,13],
                    "texture": "#cocoa"
                },
                "south": {
                    "uv": [7,5,8,13],
                    "texture": "#cocoa"
                }
            }
        },
        {
            "from": [11,4,8],
            "to": [12,11,14],
            "faces": {
                "up": {
                    "uv": [5.5,1.5,6.5,5.5],
                    "texture": "#cocoa"
                },
                "down": {
                    "uv": [5.5,1.5,6.5,5.5],
                    "texture": "#cocoa"
                },
                "west": {
                    "uv": [8,5,15,13],
                    "texture": "#cocoa"
                },
                "east": {
                    "uv": [8,5,15,13],
                    "texture": "#cocoa"
                },
                "north": {
                    "uv": [7,5,8,13],
                    "texture": "#cocoa"
                },
                "south": {
                    "uv": [15,5,16,13],
                    "texture": "#cocoa"
                }
            }
        },
        {
            "from": [6,3,9],
            "to": [6,4,13],
            "faces": {
                "west": {
                    "uv": [9.5,13,13.5,14.5],
                    "texture": "#cocoa"
                },
                "east": {
                    "uv": [9.5,13,13.5,14.5],
                    "texture": "#cocoa"
                }
            }
        },
        {
            "from": [10,3,9],
            "to": [10,4,13],
            "faces": {
                "west": {
                    "uv": [9.5,13,13.5,14.5],
                    "texture": "#cocoa"
                },
                "east": {
                    "uv": [9.5,13,13.5,14.5],
                    "texture": "#cocoa"
                }
            }
        },
        {
            "from": [6,3,9],
            "to": [10,4,9],
            "faces": {
                "north": {
                    "uv": [9.5,13,13.5,14.5],
                    "texture": "#cocoa"
                },
                "south": {
                    "uv": [9.5,13,13.5,14.5],
                    "texture": "#cocoa"
                }
            }
        },
        {
            "from": [6,3,13],
            "to": [10,4,13],
            "faces": {
                "north": {
                    "uv": [9.5,13,13.5,14.5],
                    "texture": "#cocoa"
                },
                "south": {
                    "uv": [9.5,13,13.5,14.5],
                    "texture": "#cocoa"
                }
            }
        },
        {
            "from": [6,12,11],
            "to": [10,14,11],
            "faces": {
                "north": {
                    "uv": [9.5,2.5,13,4],
                    "texture": "#cocoa"
                },
                "south": {
                    "uv": [9.5,2.5,13,4],
                    "texture": "#cocoa"
                }
            }
        }
    ]
}