{
    "__createdwith": "opl's Model Creator",
    "ambientocclusion": false,
    "textures": {
        "particle": "blocks/other/dark_oak_log_up",
        "up": "blocks/other/dark_oak_log_up",
        "up2": "blocks/other/dark_oak_log_up2",
        "side1": "blocks/other/dark_oak_log_side1",
        "side2": "blocks/other/dark_oak_log_side2",
        "side3": "blocks/other/dark_oak_log_side3"
    },
    "elements": [
        {
            "from": [3,0,3],
            "to": [4,11,4],
            "faces": {
                "down": {
                    "texture": "#up"
                },
                "west": {
                    "texture": "#side1"
                },
                "east": {
                    "uv": [12,5,13,16],
                    "texture": "#side1"
                },
                "north": {
                    "uv": [12,5,13,16],
                    "texture": "#side2"
                },
                "south": {
                    "texture": "#side2"
                }
            }
        },
        {
            "from": [4,15.5,4],
            "to": [12,16,12],
            "faces": {
                "up": {
                    "texture": "#particle",
                    "cullface": up
                },
                "down": {
                    "texture": "#up2",
                    "cullface": down
                },
                "west": {
                    "texture": "#side1"
                },
                "east": {
                    "texture": "#side1",
                    "cullface": east
                },
                "north": {
                    "texture": "#side2"
                },
                "south": {
                    "texture": "#side2"
                }
            }
        },
        {
            "from": [4.5,15,4.5],
            "to": [11.5,15.5,11.5],
            "faces": {
                "down": {
                    "texture": "#up2"
                },
                "west": {
                    "texture": "#side1"
                },
                "east": {
                    "texture": "#side1",
                    "cullface": east
                },
                "north": {
                    "texture": "#side2"
                },
                "south": {
                    "texture": "#side2"
                }
            }
        },
        {
            "from": [5,14.5,5],
            "to": [11,15,11],
            "faces": {
                "west": {
                    "texture": "#side1"
                },
                "east": {
                    "texture": "#side1",
                    "cullface": east
                },
                "north": {
                    "texture": "#side2"
                },
                "south": {
                    "texture": "#side2"
                }
            }
        },
        {
            "from": [4.5,14,4.5],
            "to": [11.5,14.5,11.5],
            "faces": {
                "up": {
                    "texture": "#up2"
                },
                "west": {
                    "texture": "#side1"
                },
                "east": {
                    "texture": "#side1",
                    "cullface": east
                },
                "north": {
                    "texture": "#side2"
                },
                "south": {
                    "texture": "#side2"
                }
            }
        },
        {
            "from": [4,5.5,4],
            "to": [12,14,12],
            "faces": {
                "up": {
                    "texture": "#up2"
                },
                "down": {
                    "texture": "#up2"
                },
                "west": {
                    "texture": "#side1"
                },
                "east": {
                    "texture": "#side1",
                    "cullface": east
                },
                "north": {
                    "texture": "#side2"
                },
                "south": {
                    "texture": "#side2"
                }
            }
        },
        {
            "from": [4.5,5,4.5],
            "to": [11.5,5.5,11.5],
            "faces": {
                "west": {
                    "texture": "#side1"
                },
                "east": {
                    "texture": "#side1"
                },
                "north": {
                    "texture": "#side2"
                },
                "south": {
                    "texture": "#side2"
                }
            }
        },
        {
            "from": [7.5,6,2.5],
            "to": [8.5,7,4],
            "faces": {
                "up": {
                    "uv": [14.5,2,15.5,3.5],
                    "texture": "#up"
                },
                "down": {
                    "uv": [14.5,2,15.5,3.5],
                    "texture": "#up"
                },
                "west": {
                    "uv": [1,14.5,2.5,15.5],
                    "texture": "#side2"
                },
                "east": {
                    "uv": [1,14.5,2.5,15.5],
                    "texture": "#side2"
                },
                "north": {
                    "uv": [7.5,14.5,8.5,15.5],
                    "texture": "#side1"
                }
            }
        },
        {
            "from": [7.5,5.5,2],
            "to": [8.5,6.5,3],
            "faces": {
                "up": {
                    "uv": [14.5,1.5,15.5,2.5],
                    "texture": "#up"
                },
                "down": {
                    "uv": [14.5,1.5,15.5,2.5],
                    "texture": "#up"
                },
                "west": {
                    "uv": [0.5,15,1.5,16],
                    "texture": "#side2"
                },
                "east": {
                    "uv": [0.5,15,1.5,16],
                    "texture": "#side2"
                },
                "north": {
                    "uv": [7.5,15,8.5,16],
                    "texture": "#side1"
                }
            }
        },
        {
            "from": [7,7,2.5],
            "to": [9,7.5,3],
            "faces": {
                "up": {
                    "uv": [14,2,16,2.5],
                    "texture": "#up"
                },
                "down": {
                    "uv": [14,2,16,2.5],
                    "texture": "#up"
                },
                "west": {
                    "uv": [1,14,1.5,14.5],
                    "texture": "#side2"
                },
                "east": {
                    "uv": [1,14,1.5,14.5],
                    "texture": "#side2"
                },
                "north": {
                    "uv": [7,14,9,14.5],
                    "texture": "#side1"
                },
                "south": {
                    "uv": [7,14,9,14.5],
                    "texture": "#side1"
                }
            }
        },
        {
            "from": [2.5,4,11],
            "to": [13.5,5,12],
            "faces": {
                "up": {
                    "uv": [2.5,13.5,13.5,14.5],
                    "texture": "#up"
                },
                "down": {
                    "uv": [2.5,13.5,13.5,14.5],
                    "texture": "#up"
                },
                "west": {
                    "uv": [11,12,12,13],
                    "texture": "#side1"
                },
                "east": {
                    "uv": [4,12,5,13],
                    "texture": "#side1",
                    "cullface": east
                },
                "north": {
                    "uv": [2.5,4,13.5,5],
                    "texture": "#side1"
                },
                "south": {
                    "texture": "#side2"
                }
            }
        },
        {
            "from": [12,0,3],
            "to": [13,11,4],
            "faces": {
                "down": {
                    "texture": "#up"
                },
                "west": {
                    "texture": "#side1"
                },
                "east": {
                    "uv": [12,5,13,16],
                    "texture": "#side1",
                    "cullface": east
                },
                "north": {
                    "uv": [3,5,4,16],
                    "texture": "#side2"
                },
                "south": {
                    "texture": "#side2"
                }
            }
        },
        {
            "from": [3,0,12],
            "to": [4,11,13],
            "faces": {
                "down": {
                    "texture": "#up"
                },
                "west": {
                    "texture": "#side1"
                },
                "east": {
                    "uv": [3,5,4,16],
                    "texture": "#side1"
                },
                "north": {
                    "uv": [12,5,13,16],
                    "texture": "#side2"
                },
                "south": {
                    "texture": "#side2"
                }
            }
        },
        {
            "from": [12,0,12],
            "to": [13,11,13],
            "faces": {
                "down": {
                    "texture": "#up"
                },
                "west": {
                    "texture": "#side1"
                },
                "east": {
                    "uv": [3,5,4,16],
                    "texture": "#side1",
                    "cullface": east
                },
                "north": {
                    "texture": "#side2"
                },
                "south": {
                    "texture": "#side2"
                }
            }
        },
        {
            "from": [2.5,4,4],
            "to": [13.5,5,5],
            "faces": {
                "up": {
                    "uv": [2.5,1.5,13.5,2.5],
                    "texture": "#up"
                },
                "down": {
                    "uv": [2.5,1.5,13.5,2.5],
                    "texture": "#up"
                },
                "west": {
                    "uv": [4,12,5,13],
                    "texture": "#side1"
                },
                "east": {
                    "uv": [11,12,12,13],
                    "texture": "#side1",
                    "cullface": east
                },
                "north": {
                    "texture": "#side2"
                },
                "south": {
                    "uv": [2.5,4,13.5,5],
                    "texture": "#side1"
                }
            }
        },
        {
            "from": [4,3,2.5],
            "to": [5,4,13.5],
            "faces": {
                "up": {
                    "uv": [3,2.5,4,13.5],
                    "texture": "#up"
                },
                "down": {
                    "uv": [3,2.5,4,13.5],
                    "texture": "#up"
                },
                "west": {
                    "uv": [2.5,11,13.5,12],
                    "texture": "#side1"
                },
                "east": {
                    "uv": [2.5,4,13.5,5],
                    "texture": "#side1"
                },
                "north": {
                    "uv": [11,12,12,13],
                    "texture": "#side2"
                },
                "south": {
                    "texture": "#side2"
                }
            }
        },
        {
            "from": [11,3,2.5],
            "to": [12,4,13.5],
            "faces": {
                "up": {
                    "uv": [12,2.5,13,13.5],
                    "texture": "#up"
                },
                "down": {
                    "uv": [12,2.5,13,13.5],
                    "texture": "#up"
                },
                "west": {
                    "uv": [2.5,4,13.5,5],
                    "texture": "#side1"
                },
                "east": {
                    "uv": [2.5,11,13.5,12],
                    "texture": "#side1",
                    "cullface": east
                },
                "north": {
                    "uv": [4,12,5,13],
                    "texture": "#side2"
                },
                "south": {
                    "texture": "#side2"
                }
            }
        },
        {
            "from": [12,11,3],
            "to": [13,12,13],
            "faces": {
                "up": {
                    "texture": "#up"
                },
                "down": {
                    "texture": "#up"
                },
                "west": {
                    "texture": "#side1"
                },
                "east": {
                    "texture": "#side1",
                    "cullface": east
                },
                "north": {
                    "uv": [3,4,4,5],
                    "texture": "#side2"
                },
                "south": {
                    "texture": "#side2"
                }
            }
        },
        {
            "from": [3,11,3],
            "to": [4,12,13],
            "faces": {
                "up": {
                    "texture": "#up"
                },
                "down": {
                    "texture": "#up"
                },
                "west": {
                    "texture": "#side1"
                },
                "east": {
                    "texture": "#side1"
                },
                "north": {
                    "uv": [12,4,13,5],
                    "texture": "#side2"
                },
                "south": {
                    "texture": "#side2"
                }
            }
        },
        {
            "from": [7.5,6,12],
            "to": [8.5,7,13.5],
            "faces": {
                "up": {
                    "uv": [14.5,2,15.5,3.5],
                    "texture": "#up"
                },
                "down": {
                    "uv": [14.5,2,15.5,3.5],
                    "texture": "#up"
                },
                "west": {
                    "uv": [1,14.5,2.5,15.5],
                    "texture": "#side2"
                },
                "east": {
                    "uv": [1,14.5,2.5,15.5],
                    "texture": "#side2"
                },
                "north": {
                    "uv": [7.5,14.5,8.5,15.5],
                    "texture": "#side1"
                },
                "south": {
                    "uv": [7.5,14.5,8.5,15.5],
                    "texture": "#side1"
                }
            }
        },
        {
            "from": [7,7,13],
            "to": [9,7.5,13.5],
            "faces": {
                "up": {
                    "uv": [14,2,16,2.5],
                    "texture": "#up"
                },
                "down": {
                    "uv": [14,2,16,2.5],
                    "texture": "#up"
                },
                "west": {
                    "uv": [1,14,1.5,14.5],
                    "texture": "#side2"
                },
                "east": {
                    "uv": [1,14,1.5,14.5],
                    "texture": "#side2"
                },
                "north": {
                    "uv": [7,14,9,14.5],
                    "texture": "#side1"
                },
                "south": {
                    "uv": [7,14,9,14.5],
                    "texture": "#side1"
                }
            }
        },
        {
            "from": [7.5,5.5,13],
            "to": [8.5,6.5,14],
            "faces": {
                "up": {
                    "uv": [14.5,1.5,15.5,2.5],
                    "texture": "#up"
                },
                "down": {
                    "uv": [14.5,1.5,15.5,2.5],
                    "texture": "#up"
                },
                "west": {
                    "uv": [0.5,15,1.5,16],
                    "texture": "#side2"
                },
                "east": {
                    "uv": [0.5,15,1.5,16],
                    "texture": "#side2"
                },
                "north": {
                    "uv": [7.5,15,8.5,16],
                    "texture": "#side1"
                },
                "south": {
                    "uv": [7.5,15,8.5,16],
                    "texture": "#side1"
                }
            }
        },
        {
            "from": [0,0,0],
            "to": [16,0.5,16],
            "faces": {
                "up": {
                    "texture": "#side3"
                },
                "down": {
                    "texture": "#side3"
                },
                "west": {
                    "uv": [15.5,0,16,16],
                    "texture": "#side3"
                },
                "east": {
                    "uv": [0,0,0.5,16],
                    "texture": "#side3"
                },
                "north": {
                    "texture": "#side3"
                },
                "south": {
                    "texture": "#side3"
                }
            }
        },
        {
            "from": [7.5,16,8.5],
            "to": [9,17.5,10],
            "faces": {
                "up": {
                    "uv": [3,0,5.5,2.5],
                    "texture": "#up2"
                },
                "west": {
                    "uv": [0,0,1.5,1.5],
                    "texture": "#up2"
                },
                "east": {
                    "uv": [0,0,1.5,1.5],
                    "texture": "#up2"
                },
                "north": {
                    "uv": [1.5,0,3,1.5],
                    "texture": "#up2"
                },
                "south": {
                    "uv": [1.5,0,3,1.5],
                    "texture": "#up2"
                }
            }
        },
        {
            "from": [5,16,7.5],
            "to": [6.5,17.5,9],
            "faces": {
                "up": {
                    "uv": [3,0,5.5,2.5],
                    "texture": "#up2"
                },
                "west": {
                    "uv": [0,0,1.5,1.5],
                    "texture": "#up2"
                },
                "east": {
                    "uv": [0,0,1.5,1.5],
                    "texture": "#up2"
                },
                "north": {
                    "uv": [1.5,0,3,1.5],
                    "texture": "#up2"
                },
                "south": {
                    "uv": [1.5,0,3,1.5],
                    "texture": "#up2"
                }
            }
        },
        {
            "from": [9,16,6],
            "to": [10.5,17.5,7.5],
            "faces": {
                "up": {
                    "uv": [3,0,5.5,2.5],
                    "texture": "#up2"
                },
                "west": {
                    "uv": [0,0,1.5,1.5],
                    "texture": "#up2"
                },
                "east": {
                    "uv": [0,0,1.5,1.5],
                    "texture": "#up2"
                },
                "north": {
                    "uv": [1.5,0,3,1.5],
                    "texture": "#up2"
                },
                "south": {
                    "uv": [1.5,0,3,1.5],
                    "texture": "#up2"
                }
            }
        }
    ]
}