{
    "__createdwith": "opl's Model Creator",
    "ambientocclusion": true,
    "textures": {
        "all": "blocks/other/glass_orange"
    },
    "elements": [
        {
            "from": [7,0,3],
            "to": [10,5,8],
            "faces": {
                "up": {
                    "uv": [0,4,4,6],
                    "texture": "#all"
                },
                "down": {
                    "uv": [0,0,2,16],
                    "texture": "#all"
                },
                "west": {
                    "uv": [0,4,4,16],
                    "texture": "#all"
                },
                "east": {
                    "uv": [0,4,4,16],
                    "texture": "#all"
                },
                "north": {
                    "uv": [0,4,4,16],
                    "texture": "#all"
                },
                "south": {
                    "uv": [0,4,4,16],
                    "texture": "#all"
                }
            }
        },
        {
            "from": [8,2,8],
            "to": [9,4,9],
            "faces": {
                "up": {
                    "uv": [0,4,2,6],
                    "texture": "#all"
                },
                "down": {
                    "uv": [0,4,2,6],
                    "texture": "#all"
                },
                "west": {
                    "uv": [0,4,2,8],
                    "texture": "#all"
                },
                "east": {
                    "uv": [0,4,2.5,8],
                    "texture": "#all"
                },
                "north": {
                    "uv": [14,14,16,16],
                    "texture": "#all"
                },
                "south": {
                    "uv": [0,4,1,8],
                    "texture": "#all"
                }
            }
        },
        {
            "from": [8,4,2],
            "to": [9,5,3],
            "faces": {
                "up": {
                    "uv": [2,4,4,6],
                    "texture": "#all"
                },
                "down": {
                    "uv": [2,6,4,8],
                    "texture": "#all"
                },
                "west": {
                    "uv": [0,4,2,6],
                    "texture": "#all"
                },
                "east": {
                    "uv": [0,4,2,6],
                    "texture": "#all"
                },
                "north": {
                    "uv": [14,14,16,16],
                    "texture": "#all"
                },
                "south": {
                    "uv": [0,0,2,2],
                    "texture": "#all"
                }
            }
        },
        {
            "from": [8,6,5],
            "to": [9,7,6],
            "faces": {
                "up": {
                    "uv": [0,0,2,2],
                    "texture": "#all"
                },
                "down": {
                    "uv": [0,0,2,16],
                    "texture": "#all"
                },
                "west": {
                    "uv": [0,2,2,4],
                    "texture": "#all"
                },
                "east": {
                    "uv": [0,2,2,4],
                    "texture": "#all"
                },
                "north": {
                    "uv": [2,2,4,4],
                    "texture": "#all"
                },
                "south": {
                    "uv": [2,2,4,4],
                    "texture": "#all"
                }
            }
        },
        {
            "from": [8,3,9],
            "to": [9,5,10],
            "faces": {
                "up": {
                    "uv": [4,0,8,4],
                    "texture": "#all"
                },
                "down": {
                    "uv": [0,4,2,6],
                    "texture": "#all"
                },
                "west": {
                    "uv": [0,4,2,8],
                    "texture": "#all"
                },
                "east": {
                    "uv": [0,4,2.5,8],
                    "texture": "#all"
                },
                "north": {
                    "uv": [0,4,2,6],
                    "texture": "#all"
                },
                "south": {
                    "uv": [0,4,1,8],
                    "texture": "#all"
                }
            }
        },
        {
            "from": [8,3,1],
            "to": [9,5,2],
            "faces": {
                "up": {
                    "uv": [2,4,4,6],
                    "texture": "#all"
                },
                "down": {
                    "uv": [1,5,3,7],
                    "texture": "#all"
                },
                "west": {
                    "uv": [0,4,2,8.5],
                    "texture": "#all"
                },
                "east": {
                    "uv": [0,4,2,8.5],
                    "texture": "#all"
                },
                "north": {
                    "uv": [0,4,2,8.5],
                    "texture": "#all"
                },
                "south": {
                    "uv": [0,4,2,8],
                    "texture": "#all"
                }
            }
        },
        {
            "from": [10,0,13],
            "to": [12,2,15],
            "faces": {
                "up": {
                    "uv": [8,0,12,4],
                    "texture": "#all"
                },
                "down": {
                    "uv": [0,14,2,16],
                    "texture": "#all"
                },
                "west": {
                    "uv": [12,0,16,4],
                    "texture": "#all"
                },
                "east": {
                    "uv": [12,0,16,4],
                    "texture": "#all"
                },
                "north": {
                    "uv": [12,0,16,4],
                    "texture": "#all"
                },
                "south": {
                    "uv": [12,0,16,4],
                    "texture": "#all"
                }
            }
        },
        {
            "from": [5,0,13],
            "to": [7,2,15],
            "faces": {
                "up": {
                    "uv": [8,0,12,4],
                    "texture": "#all"
                },
                "down": {
                    "uv": [0,14,2,16],
                    "texture": "#all"
                },
                "west": {
                    "uv": [12,0,16,4],
                    "texture": "#all"
                },
                "east": {
                    "uv": [12,0,16,4],
                    "texture": "#all"
                },
                "north": {
                    "uv": [12,0,16,4],
                    "texture": "#all"
                },
                "south": {
                    "uv": [12,0,16,4],
                    "texture": "#all"
                }
            }
        },
        {
            "from": [2,0,7],
            "to": [4,2,9],
            "faces": {
                "up": {
                    "uv": [8,0,12,4],
                    "texture": "#all"
                },
                "down": {
                    "uv": [0,14,2,16],
                    "texture": "#all",
                    "cullface": down
                },
                "west": {
                    "uv": [12,0,16,4],
                    "texture": "#all"
                },
                "east": {
                    "uv": [12,0,16,4],
                    "texture": "#all"
                },
                "north": {
                    "uv": [12,0,16,4],
                    "texture": "#all"
                },
                "south": {
                    "uv": [12,0,16,4],
                    "texture": "#all"
                }
            }
        },
        {
            "from": [13,0,7],
            "to": [15,2,9],
            "faces": {
                "up": {
                    "uv": [8,0,12,4],
                    "texture": "#all"
                },
                "down": {
                    "uv": [0,14,2,16],
                    "texture": "#all"
                },
                "west": {
                    "uv": [12,0,16,4],
                    "texture": "#all"
                },
                "east": {
                    "uv": [12,0,16,4],
                    "texture": "#all"
                },
                "north": {
                    "uv": [12,0,16,4],
                    "texture": "#all"
                },
                "south": {
                    "uv": [12,0,16,4],
                    "texture": "#all"
                }
            }
        },
        {
            "from": [6,0,4],
            "to": [7,5,7],
            "faces": {
                "up": {
                    "uv": [0,4,2,8],
                    "texture": "#all"
                },
                "down": {
                    "uv": [0,0,2,16],
                    "texture": "#all"
                },
                "west": {
                    "uv": [0,4,4,16],
                    "texture": "#all"
                },
                "east": {
                    "uv": [12,12,16,16],
                    "texture": "#all"
                },
                "north": {
                    "uv": [0,4,4,16],
                    "texture": "#all"
                },
                "south": {
                    "uv": [0,4,4,16],
                    "texture": "#all"
                }
            }
        },
        {
            "from": [10,0,4],
            "to": [11,5,7],
            "faces": {
                "up": {
                    "uv": [0,4,4,6],
                    "texture": "#all"
                },
                "down": {
                    "uv": [0,0,2,16],
                    "texture": "#all"
                },
                "west": {
                    "uv": [12,12,16,16],
                    "texture": "#all"
                },
                "east": {
                    "uv": [0,4,4,16],
                    "texture": "#all"
                },
                "north": {
                    "uv": [0,4,2,16],
                    "texture": "#all"
                },
                "south": {
                    "uv": [0,4,4,16],
                    "texture": "#all"
                }
            }
        },
        {
            "from": [7,5,4],
            "to": [10,6,7],
            "faces": {
                "up": {
                    "uv": [0,4,4,8],
                    "texture": "#all"
                },
                "down": {
                    "uv": [0,0,2,16],
                    "texture": "#all"
                },
                "west": {
                    "uv": [0,4,4,8],
                    "texture": "#all"
                },
                "east": {
                    "uv": [0,4,4,6],
                    "texture": "#all"
                },
                "north": {
                    "uv": [0,4,4,8],
                    "texture": "#all"
                },
                "south": {
                    "uv": [0,4,4,8],
                    "texture": "#all"
                }
            }
        },
        {
            "from": [8,2,2],
            "to": [9,3,3],
            "faces": {
                "up": {
                    "uv": [2,4,4,6],
                    "texture": "#all"
                },
                "down": {
                    "uv": [2,6,4,8],
                    "texture": "#all"
                },
                "west": {
                    "uv": [0,4,2,6],
                    "texture": "#all"
                },
                "east": {
                    "uv": [0,4,2,6],
                    "texture": "#all"
                },
                "north": {
                    "uv": [2,4,4,6],
                    "texture": "#all"
                },
                "south": {
                    "uv": [0,0,2,2],
                    "texture": "#all"
                }
            }
        }
    ]
}