{
    "ambientocclusion": false,
    "textures": {
        "particle": "blocks/hopper_outside",
        "top": "blocks/hopper_top",
        "side": "blocks/hopper_outside",
        "inside": "blocks/hopper_inside"
    },
    "elements": [
        {   "from": [ 2, 0, 2 ],
            "to": [ 14, 5, 14 ],
            "faces": {
                "down":  { "uv": [ 2, 2, 14, 14 ], "texture": "#side" },
                "up":    { "uv": [ 2, 2, 14, 14 ], "texture": "#inside" }
            }
        },
        {   "from": [ 0, 0, 0 ],
            "to": [ 2, 16, 16 ],
            "faces": {
                "down":  { "uv": [ 14, 4,  16, 16 ], "texture": "#side" },
                "up":    { "uv": [ 0, 0,  2, 16 ], "texture": "#top" },
                "north": { "uv": [ 0, 0,  2,  16 ], "texture": "#side" },
                "south": { "uv": [ 0, 0,  2,  16 ], "texture": "#side" },
                "west":  { "uv": [ 0, 0, 16,  16 ], "texture": "#side" },
                "east":  { "uv": [ 0, 0, 16,  16 ], "texture": "#side" }
            }
        },
        {   "from": [ 14, 0, 0 ],
            "to": [ 16, 16, 16 ],
            "faces": {
                "down":  { "uv": [ 0, 4,  2, 16 ], "texture": "#side" },
                "up":    { "uv": [ 0, 0,  2, 16 ], "texture": "#top" },
                "north": { "uv": [ 0, 0,  2,  16 ], "texture": "#side" },
                "south": { "uv": [ 0, 0,  2,  16 ], "texture": "#side" },
                "west":  { "uv": [ 0, 0, 16,  16 ], "texture": "#side" },
                "east":  { "uv": [ 0, 0, 16,  16 ], "texture": "#side" }
            }
        },
        {   "from": [ 2, 0, 0 ],
            "to": [ 14, 16, 2 ],
            "faces": {
                "down":  { "uv": [ 2, 14, 14, 16 ], "texture": "#side" },
                "up":    { "uv": [ 2, 0, 14, 2 ], "texture": "#top" },
                "north": { "uv": [ 2, 0, 14,  16 ], "texture": "#side" },
                "south": { "uv": [ 2, 0, 14,  16 ], "texture": "#side" }
            }
        },
        {   "from": [ 2, 0, 14 ],
            "to": [ 14, 16, 16 ],
            "faces": {
                "down":  { "uv": [ 2, 14, 14, 16 ], "texture": "#side" },
                "up":    { "uv": [ 2, 0, 14, 2 ], "texture": "#top" },
                "north": { "uv": [ 2, 0, 14,  16 ], "texture": "#side" },
                "south": { "uv": [ 2, 0, 14,  16 ], "texture": "#side" }
            }
        }
    ]
}
