{
    "__createdwith": "opl's Model Creator",
    "ambientocclusion": false,
    "textures": {
        "particle": "blocks/other/cobblestone_mossy",
        "all": "blocks/other/cobblestone_mossy"
    },
    "elements": [
        {
            "from": [4,0,4],
            "to": [12,16,12],
            "faces": {
                "up": {
                    "uv": [8,8,16,16],
                    "texture": "#all"
                },
                "down": {
                    "uv": [8,8,16,16],
                    "texture": "#all",
                    "cullface": up
                },
                "west": {
                    "uv": [0,0,8,16],
                    "texture": "#all"
                },
                "east": {
                    "uv": [0,0,8,16],
                    "texture": "#all"
                },
                "north": {
                    "uv": [0,0,8,16],
                    "texture": "#all"
                },
                "south": {
                    "uv": [0,0,8,16],
                    "texture": "#all"
                }
            }
        },
        {
            "from": [6,10,0],
            "to": [10,13,4],
            "faces": {
                "up": {
                    "uv": [0,12,8,16],
                    "texture": "#all"
                },
                "down": {
                    "uv": [0,12,8,16],
                    "texture": "#all",
                    "cullface": up
                },
                "west": {
                    "uv": [0,12,8,16],
                    "texture": "#all"
                },
                "east": {
                    "uv": [0,12,8,16],
                    "texture": "#all"
                },
                "north": {
                    "uv": [0,12,8,16],
                    "texture": "#all"
                },
                "south": {
                    "texture": "#all"
                }
            }
        },
        {
            "from": [6,5,0],
            "to": [10,8,4],
            "faces": {
                "up": {
                    "uv": [0,12,8,16],
                    "texture": "#all"
                },
                "down": {
                    "uv": [0,12,8,16],
                    "texture": "#all",
                    "cullface": up
                },
                "west": {
                    "uv": [0,12,8,16],
                    "texture": "#all"
                },
                "east": {
                    "uv": [0,12,8,16],
                    "texture": "#all"
                },
                "north": {
                    "uv": [0,12,8,16],
                    "texture": "#all"
                },
                "south": {
                    "texture": "#all"
                }
            }
        },
        {
            "from": [6,5,12],
            "to": [10,8,16],
            "faces": {
                "up": {
                    "uv": [0,12,8,16],
                    "texture": "#all"
                },
                "down": {
                    "uv": [0,12,8,16],
                    "texture": "#all",
                    "cullface": up
                },
                "west": {
                    "uv": [0,12,8,16],
                    "texture": "#all"
                },
                "east": {
                    "uv": [0,12,8,16],
                    "texture": "#all"
                },
                "north": {
                    "uv": [0,12,8,16],
                    "texture": "#all"
                },
                "south": {
                    "uv": [0,12,8,16],
                    "texture": "#all"
                }
            }
        },
        {
            "from": [6,10,12],
            "to": [10,13,16],
            "faces": {
                "up": {
                    "uv": [0,12,8,16],
                    "texture": "#all"
                },
                "down": {
                    "uv": [0,12,8,16],
                    "texture": "#all",
                    "cullface": up
                },
                "west": {
                    "uv": [0,12,8,16],
                    "texture": "#all"
                },
                "east": {
                    "uv": [0,12,8,16],
                    "texture": "#all"
                },
                "north": {
                    "uv": [0,12,8,16],
                    "texture": "#all"
                },
                "south": {
                    "uv": [0,12,8,16],
                    "texture": "#all"
                }
            }
        }
    ]
}