{
    "__createdwith": "opl's Model Creator",
    "ambientocclusion": false,
    "textures": {
        "particle": "blocks/dirt_podzol_top",
        "side": "blocks/dirt_podzol_side",
        "bottom": "blocks/dirt",
        "top": "blocks/dirt_podzol_top"
    },
    "elements": [
        {
            "from": [0,0,0],
            "to": [16,16,16],
            "faces": {
                "up": {
                    "texture": "#particle"
                },
                "down": {
                    "texture": "#bottom",
                    "cullface": down
                },
                "west": {
                    "uv": [0,0,16,16],
                    "texture": "#side",
                    "cullface": west
                },
                "east": {
                    "texture": "#side",
                    "cullface": east
                },
                "north": {
                    "texture": "#side",
                    "cullface": north
                },
                "south": {
                    "texture": "#side",
                    "cullface": south
                }
            }
        }
    ]
}