{
    "__createdwith": "opl's Model Creator",
    "ambientocclusion": false,
    "textures": {
        "particle": "#up",
        "up": "blocks/other/cd_icon_up"
    },
    "elements": [
        {
            "from": [7,0,1],
            "to": [9,1,4],
            "faces": {
                "up": {
                    "uv": [7,1,9,4],
                    "texture": "#up",
                    "cullface": up,
                    "tintindex": 16
                },
                "down": {
                    "texture": "#up"
                }
            }
        },
        {
            "from": [6.5,0,1.5],
            "to": [9.5,1,3.5],
            "faces": {
                "up": {
                    "uv": [6.5,1.5,9.5,3.5],
                    "texture": "#up",
                    "cullface": up,
                    "tintindex": 16
                },
                "down": {
                    "texture": "#up"
                }
            }
        },
        {
            "from": [11,0,2.5],
            "to": [13,1,5.5],
            "faces": {
                "up": {
                    "uv": [11,2.5,13,5.5],
                    "texture": "#up",
                    "cullface": up,
                    "tintindex": 16
                },
                "down": {
                    "texture": "#up"
                }
            }
        },
        {
            "from": [10.5,0,3],
            "to": [13.5,1,5],
            "faces": {
                "up": {
                    "uv": [10.5,3,13.5,5],
                    "texture": "#up",
                    "cullface": up,
                    "tintindex": 16
                },
                "down": {
                    "texture": "#up"
                }
            }
        },
        {
            "from": [12.5,0,6.5],
            "to": [14.5,1,9.5],
            "faces": {
                "up": {
                    "uv": [12.5,6.5,14.5,9.5],
                    "texture": "#up",
                    "cullface": up,
                    "tintindex": 16
                },
                "down": {
                    "texture": "#up"
                }
            }
        },
        {
            "from": [12,0,7],
            "to": [15,1,9],
            "faces": {
                "up": {
                    "uv": [12,7,15,9],
                    "texture": "#up",
                    "cullface": up,
                    "tintindex": 16
                },
                "down": {
                    "texture": "#up"
                }
            }
        },
        {
            "from": [11,0,10.5],
            "to": [13,1,13.5],
            "faces": {
                "up": {
                    "uv": [11,10.5,13,13.5],
                    "texture": "#up",
                    "cullface": up,
                    "tintindex": 16
                },
                "down": {
                    "texture": "#up"
                }
            }
        },
        {
            "from": [10.5,0,11],
            "to": [13.5,1,13],
            "faces": {
                "up": {
                    "uv": [10.5,11,13.5,13],
                    "texture": "#up",
                    "cullface": up,
                    "tintindex": 16
                },
                "down": {
                    "texture": "#up"
                }
            }
        },
        {
            "from": [7,0,12],
            "to": [9,1,15],
            "faces": {
                "up": {
                    "uv": [7,12,9,15],
                    "texture": "#up",
                    "cullface": up,
                    "tintindex": 16
                },
                "down": {
                    "texture": "#up"
                }
            }
        },
        {
            "from": [6.5,0,12.5],
            "to": [9.5,1,14.5],
            "faces": {
                "up": {
                    "uv": [6.5,12.5,9.5,14.5],
                    "texture": "#up",
                    "cullface": up,
                    "tintindex": 16
                },
                "down": {
                    "texture": "#up"
                }
            }
        },
        {
            "from": [3,0,10.5],
            "to": [5,1,13.5],
            "faces": {
                "up": {
                    "uv": [3,10.5,5,13.5],
                    "texture": "#up",
                    "cullface": up,
                    "tintindex": 16
                },
                "down": {
                    "texture": "#up"
                }
            }
        },
        {
            "from": [2.5,0,11],
            "to": [5.5,1,13],
            "faces": {
                "up": {
                    "uv": [2.5,11,5.5,13],
                    "texture": "#up",
                    "cullface": up,
                    "tintindex": 16
                },
                "down": {
                    "texture": "#up"
                }
            }
        },
        {
            "from": [1.5,0,6.5],
            "to": [3.5,1,9.5],
            "faces": {
                "up": {
                    "uv": [1.5,6.5,3.5,9.5],
                    "texture": "#up",
                    "cullface": up,
                    "tintindex": 16
                },
                "down": {
                    "texture": "#up"
                }
            }
        },
        {
            "from": [1,0,7],
            "to": [4,1,9],
            "faces": {
                "up": {
                    "uv": [1,7,4,9],
                    "texture": "#up",
                    "cullface": up,
                    "tintindex": 16
                },
                "down": {
                    "texture": "#up"
                }
            }
        },
        {
            "from": [3,0,2.5],
            "to": [5,1,5.5],
            "faces": {
                "up": {
                    "uv": [3,2.5,5,5.5],
                    "texture": "#up",
                    "cullface": up,
                    "tintindex": 16
                },
                "down": {
                    "texture": "#up"
                }
            }
        },
        {
            "from": [2.5,0,3],
            "to": [5.5,1,5],
            "faces": {
                "up": {
                    "uv": [2.5,3,5.5,5],
                    "texture": "#up",
                    "cullface": up,
                    "tintindex": 16
                },
                "down": {
                    "texture": "#up"
                }
            }
        }
    ]
}