{
    "__createdwith": "opl's Model Creator",
    "ambientocclusion": false,
    "textures": {
        "particle": "#up",
        "up": "blocks/other/cd_icon_up"
    },
    "elements": [
        {
            "from": [6,0,0],
            "to": [10,1,2],
            "faces": {
                "up": {
                    "texture": "#up",
                    "cullface": up,
                    "tintindex": 16
                },
                "down": {
                    "texture": "#up"
                }
            }
        },
        {
            "from": [9.5,0,0.5],
            "to": [11.5,1,2.5],
            "faces": {
                "up": {
                    "texture": "#up",
                    "cullface": up,
                    "tintindex": 16
                },
                "down": {
                    "texture": "#up"
                }
            }
        },
        {
            "from": [13.5,0,4.5],
            "to": [15.5,1,6.5],
            "faces": {
                "up": {
                    "texture": "#up",
                    "cullface": up,
                    "tintindex": 16
                },
                "down": {
                    "texture": "#up"
                }
            }
        },
        {
            "from": [11,0,1],
            "to": [12.5,1,3],
            "faces": {
                "up": {
                    "texture": "#up",
                    "cullface": up,
                    "tintindex": 16
                },
                "down": {
                    "texture": "#up"
                }
            }
        },
        {
            "from": [13,0,3.5],
            "to": [15,1,5],
            "faces": {
                "up": {
                    "texture": "#up",
                    "cullface": up,
                    "tintindex": 16
                },
                "down": {
                    "texture": "#up"
                }
            }
        },
        {
            "from": [14,0,6],
            "to": [16,1,10],
            "faces": {
                "up": {
                    "texture": "#up",
                    "cullface": up,
                    "tintindex": 16
                },
                "down": {
                    "texture": "#up"
                }
            }
        },
        {
            "from": [11.5,0,1.5],
            "to": [13,1,3.5],
            "faces": {
                "up": {
                    "texture": "#up",
                    "cullface": up,
                    "tintindex": 16
                },
                "down": {
                    "texture": "#up"
                }
            }
        },
        {
            "from": [12.5,0,3],
            "to": [14.5,1,4.5],
            "faces": {
                "up": {
                    "texture": "#up",
                    "cullface": up,
                    "tintindex": 16
                },
                "down": {
                    "texture": "#up"
                }
            }
        },
        {
            "from": [12,0,2.5],
            "to": [14,1,4],
            "faces": {
                "up": {
                    "texture": "#up",
                    "cullface": up,
                    "tintindex": 16
                },
                "down": {
                    "texture": "#up"
                }
            }
        },
        {
            "from": [12,0,2],
            "to": [13.5,1,4],
            "faces": {
                "up": {
                    "texture": "#up",
                    "cullface": up,
                    "tintindex": 16
                },
                "down": {
                    "texture": "#up"
                }
            }
        },
        {
            "from": [6,0,14],
            "to": [10,1,16],
            "faces": {
                "up": {
                    "texture": "#up",
                    "cullface": up,
                    "tintindex": 16
                },
                "down": {
                    "texture": "#up"
                }
            }
        },
        {
            "from": [0,0,6],
            "to": [2,1,10],
            "faces": {
                "up": {
                    "texture": "#up",
                    "cullface": up,
                    "tintindex": 16
                },
                "down": {
                    "texture": "#up"
                }
            }
        },
        {
            "from": [4.5,0,0.5],
            "to": [6.5,1,2.5],
            "faces": {
                "up": {
                    "texture": "#up",
                    "cullface": up,
                    "tintindex": 16
                },
                "down": {
                    "texture": "#up"
                }
            }
        },
        {
            "from": [4.5,0,13.5],
            "to": [6.5,1,15.5],
            "faces": {
                "up": {
                    "texture": "#up",
                    "cullface": up,
                    "tintindex": 16
                },
                "down": {
                    "texture": "#up"
                }
            }
        },
        {
            "from": [9.5,0,13.5],
            "to": [11.5,1,15.5],
            "faces": {
                "up": {
                    "texture": "#up",
                    "cullface": up,
                    "tintindex": 16
                },
                "down": {
                    "texture": "#up"
                }
            }
        },
        {
            "from": [3.5,0,1],
            "to": [5,1,3],
            "faces": {
                "up": {
                    "texture": "#up",
                    "cullface": up,
                    "tintindex": 16
                },
                "down": {
                    "texture": "#up"
                }
            }
        },
        {
            "from": [3.5,0,13],
            "to": [5,1,15],
            "faces": {
                "up": {
                    "texture": "#up",
                    "cullface": up,
                    "tintindex": 16
                },
                "down": {
                    "texture": "#up"
                }
            }
        },
        {
            "from": [11,0,13],
            "to": [12.5,1,15],
            "faces": {
                "up": {
                    "texture": "#up",
                    "cullface": up,
                    "tintindex": 16
                },
                "down": {
                    "texture": "#up"
                }
            }
        },
        {
            "from": [3,0,1.5],
            "to": [4.5,1,3.5],
            "faces": {
                "up": {
                    "texture": "#up",
                    "cullface": up,
                    "tintindex": 16
                },
                "down": {
                    "texture": "#up"
                }
            }
        },
        {
            "from": [3,0,12.5],
            "to": [4.5,1,14.5],
            "faces": {
                "up": {
                    "texture": "#up",
                    "cullface": up,
                    "tintindex": 16
                },
                "down": {
                    "texture": "#up"
                }
            }
        },
        {
            "from": [11.5,0,12.5],
            "to": [13,1,14.5],
            "faces": {
                "up": {
                    "texture": "#up",
                    "cullface": up,
                    "tintindex": 16
                },
                "down": {
                    "texture": "#up"
                }
            }
        },
        {
            "from": [2.5,0,2],
            "to": [4,1,4],
            "faces": {
                "up": {
                    "texture": "#up",
                    "cullface": up,
                    "tintindex": 16
                },
                "down": {
                    "texture": "#up"
                }
            }
        },
        {
            "from": [2.5,0,12],
            "to": [4,1,14],
            "faces": {
                "up": {
                    "texture": "#up",
                    "cullface": up,
                    "tintindex": 16
                },
                "down": {
                    "texture": "#up"
                }
            }
        },
        {
            "from": [12,0,12],
            "to": [13.5,1,14],
            "faces": {
                "up": {
                    "texture": "#up",
                    "cullface": up,
                    "tintindex": 16
                },
                "down": {
                    "texture": "#up"
                }
            }
        },
        {
            "from": [2,0,2.5],
            "to": [4,1,4],
            "faces": {
                "up": {
                    "texture": "#up",
                    "cullface": up,
                    "tintindex": 16
                },
                "down": {
                    "texture": "#up"
                }
            }
        },
        {
            "from": [2,0,12],
            "to": [4,1,13.5],
            "faces": {
                "up": {
                    "texture": "#up",
                    "cullface": up,
                    "tintindex": 16
                },
                "down": {
                    "texture": "#up"
                }
            }
        },
        {
            "from": [12,0,12],
            "to": [14,1,13.5],
            "faces": {
                "up": {
                    "texture": "#up",
                    "cullface": up,
                    "tintindex": 16
                },
                "down": {
                    "texture": "#up"
                }
            }
        },
        {
            "from": [1.5,0,3],
            "to": [3.5,1,4.5],
            "faces": {
                "up": {
                    "texture": "#up",
                    "cullface": up,
                    "tintindex": 16
                },
                "down": {
                    "texture": "#up"
                }
            }
        },
        {
            "from": [1.5,0,11.5],
            "to": [3.5,1,13],
            "faces": {
                "up": {
                    "texture": "#up",
                    "cullface": up,
                    "tintindex": 16
                },
                "down": {
                    "texture": "#up"
                }
            }
        },
        {
            "from": [12.5,0,11.5],
            "to": [14.5,1,13],
            "faces": {
                "up": {
                    "texture": "#up",
                    "cullface": up,
                    "tintindex": 16
                },
                "down": {
                    "texture": "#up"
                }
            }
        },
        {
            "from": [1,0,3.5],
            "to": [3,1,5],
            "faces": {
                "up": {
                    "texture": "#up",
                    "cullface": up,
                    "tintindex": 16
                },
                "down": {
                    "texture": "#up"
                }
            }
        },
        {
            "from": [1,0,11],
            "to": [3,1,12.5],
            "faces": {
                "up": {
                    "texture": "#up",
                    "cullface": up,
                    "tintindex": 16
                },
                "down": {
                    "texture": "#up"
                }
            }
        },
        {
            "from": [13,0,11],
            "to": [15,1,12.5],
            "faces": {
                "up": {
                    "texture": "#up",
                    "cullface": up,
                    "tintindex": 16
                },
                "down": {
                    "texture": "#up"
                }
            }
        },
        {
            "from": [0.5,0,4.5],
            "to": [2.5,1,6.5],
            "faces": {
                "up": {
                    "texture": "#up",
                    "cullface": up,
                    "tintindex": 16
                },
                "down": {
                    "texture": "#up"
                }
            }
        },
        {
            "from": [0.5,0,9.5],
            "to": [2.5,1,11.5],
            "faces": {
                "up": {
                    "texture": "#up",
                    "cullface": up,
                    "tintindex": 16
                },
                "down": {
                    "texture": "#up"
                }
            }
        },
        {
            "from": [13.5,0,9.5],
            "to": [15.5,1,11.5],
            "faces": {
                "up": {
                    "texture": "#up",
                    "cullface": up,
                    "tintindex": 16
                },
                "down": {
                    "texture": "#up"
                }
            }
        }
    ]
}