{
	"custom.human_1": {
		"category": "record",
		"replace": true,
		"sounds": [{"name": "custom/human_1", "stream": true}]
	},
	"custom.willbender_1": {
		"category": "record",
		"replace": true,
		"sounds": [{"name": "custom/willbender_1","stream": true}]
	},
	"custom.immortal_1": {
		"category": "record",
		"replace": true,
		"sounds": [{"name": "custom/immortal_1","stream": true}]
	},
	"custom.demigod_1": {
		"category": "record",
		"replace": true,
		"sounds": [{"name": "custom/demigod_1","stream": true}]
	},
	"custom.ares_1": {
		"category": "record",
		"replace": true,
		"sounds": [{"name": "custom/ares_1","stream": true}]
	},
	"custom.imperial_city_1": {
		"category": "record",
		"replace": true,
		"sounds": [{"name": "custom/imperial_city_1","stream": true}]
	},
	"custom.formosa_1": {
		"category": "record",
		"replace": true,
		"sounds": [{"name": "custom/formosa_1","stream": true}]
	},
	
	"custom.story_ares_1": {
		"category": "ambient",
		"replace": true,
		"sounds": [{"name": "custom/story/story_ares_1","stream": true}]
	},
	"custom.story_ares_2": {
		"category": "ambient",
		"replace": true,
		"sounds": [{"name": "custom/story/story_ares_2","stream": true}]
	},
	"custom.story_ares_3": {
		"category": "ambient",
		"replace": true,
		"sounds": [{"name": "custom/story/story_ares_3","stream": true}]
	},

	"custom.story_demigod_1": {
		"category": "ambient",
		"replace": true,
		"sounds": [{"name": "custom/story/story_demigod_1","stream": true}]
	},
	"custom.story_demigod_2": {
		"category": "ambient",
		"replace": true,
		"sounds": [{"name": "custom/story/story_demigod_2","stream": true}]
	},
	"custom.story_demigod_3": {
		"category": "ambient",
		"replace": true,
		"sounds": [{"name": "custom/story/story_demigod_3","stream": true}]
	},

	"custom.story_human_1": {
		"category": "ambient",
		"replace": true,
		"sounds": [{"name": "custom/story/story_human_1","stream": true}]
	},
	"custom.story_human_2": {
		"category": "ambient",
		"replace": true,
		"sounds": [{"name": "custom/story/story_human_2","stream": true}]
	},
	"custom.story_human_3": {
		"category": "ambient",
		"replace": true,
		"sounds": [{"name": "custom/story/story_human_3","stream": true}]
	},

	"custom.story_immortal_1": {
		"category": "ambient",
		"replace": true,
		"sounds": [{"name": "custom/story/story_immortal_1","stream": true}]
	},
	"custom.story_immortal_2": {
		"category": "ambient",
		"replace": true,
		"sounds": [{"name": "custom/story/story_immortal_2","stream": true}]
	},
	"custom.story_immortal_3": {
		"category": "ambient",
		"replace": true,
		"sounds": [{"name": "custom/story/story_immortal_3","stream": true}]
	},

	"custom.story_willbender_1": {
		"category": "ambient",
		"replace": true,
		"sounds": [{"name": "custom/story/story_willbender_1","stream": true}]
	},
	"custom.story_willbender_2": {
		"category": "ambient",
		"replace": true,
		"sounds": [{"name": "custom/story/story_willbender_2","stream": true}]
	},
	"custom.story_willbender_3": {
		"category": "ambient",
		"replace": true,
		"sounds": [{"name": "custom/story/story_willbender_3","stream": true}]
	},
	"custom.final_story.01": {
		"category": "ambient",
		"replace": true,
		"sounds": [{"name": "custom/final_story/01","stream": true}]
	},
	"custom.final_story.02": {
		"category": "ambient",
		"replace": true,
		"sounds": [{"name": "custom/final_story/02","stream": true}]
	},
	"custom.final_story.03": {
		"category": "ambient",
		"replace": true,
		"sounds": [{"name": "custom/final_story/03","stream": true}]
	},
	"custom.final_story.04": {
		"category": "ambient",
		"replace": true,
		"sounds": [{"name": "custom/final_story/04","stream": true}]
	},
	"custom.final_story.05": {
		"category": "ambient",
		"replace": true,
		"sounds": [{"name": "custom/final_story/05","stream": true}]
	},
	"custom.final_story.06": {
		"category": "ambient",
		"replace": true,
		"sounds": [{"name": "custom/final_story/06","stream": true}]
	},
	"custom.final_story.07": {
		"category": "ambient",
		"replace": true,
		"sounds": [{"name": "custom/final_story/07","stream": true}]
	},
	"custom.final_story.08": {
		"category": "ambient",
		"replace": true,
		"sounds": [{"name": "custom/final_story/08","stream": true}]
	},
	"custom.final_story.09": {
		"category": "ambient",
		"replace": true,
		"sounds": [{"name": "custom/final_story/09","stream": true}]
	},
	"custom.final_story.10": {
		"category": "ambient",
		"replace": true,
		"sounds": [{"name": "custom/final_story/10","stream": true}]
	},
	"custom.final_story.11": {
		"category": "ambient",
		"replace": true,
		"sounds": [{"name": "custom/final_story/11","stream": true}]
	},
	"custom.final_story.12": {
		"category": "ambient",
		"replace": true,
		"sounds": [{"name": "custom/final_story/12","stream": true}]
	},
	"custom.final_story.13": {
		"category": "ambient",
		"replace": true,
		"sounds": [{"name": "custom/final_story/13","stream": true}]
	},
	"custom.final_story.14": {
		"category": "ambient",
		"replace": true,
		"sounds": [{"name": "custom/final_story/14","stream": true}]
	},
	"custom.final_story.15": {
		"category": "ambient",
		"replace": true,
		"sounds": [{"name": "custom/final_story/15","stream": true}]
	},
	"custom.final_story.16": {
		"category": "ambient",
		"replace": true,
		"sounds": [{"name": "custom/final_story/16","stream": true}]
	},
	"custom.final_story.17": {
		"category": "ambient",
		"replace": true,
		"sounds": [{"name": "custom/final_story/17","stream": true}]
	},
	"custom.final_story.18": {
		"category": "ambient",
		"replace": true,
		"sounds": [{"name": "custom/final_story/18","stream": true}]
	},
	"custom.final_story.19": {
		"category": "ambient",
		"replace": true,
		"sounds": [{"name": "custom/final_story/19","stream": true}]
	},
	"custom.final_story.20": {
		"category": "ambient",
		"replace": true,
		"sounds": [{"name": "custom/final_story/20","stream": true}]
	},
	"custom.final_story.21": {
		"category": "ambient",
		"replace": true,
		"sounds": [{"name": "custom/final_story/21","stream": true}]
	},
	"custom.final_story.22": {
		"category": "ambient",
		"replace": true,
		"sounds": [{"name": "custom/final_story/22","stream": true}]
	},
	"custom.final_story.23": {
		"category": "ambient",
		"replace": true,
		"sounds": [{"name": "custom/final_story/23","stream": true}]
	},
	"custom.final_story.24": {
		"category": "ambient",
		"replace": true,
		"sounds": [{"name": "custom/final_story/24","stream": true}]
	},
	"custom.final_story.25": {
		"category": "ambient",
		"replace": true,
		"sounds": [{"name": "custom/final_story/25","stream": true}]
	},
	"custom.final_story.26": {
		"category": "ambient",
		"replace": true,
		"sounds": [{"name": "custom/final_story/26","stream": true}]
	},
	"custom.final_story.27": {
		"category": "ambient",
		"replace": true,
		"sounds": [{"name": "custom/final_story/27","stream": true}]
	},
	"custom.final_story.28": {
		"category": "ambient",
		"replace": true,
		"sounds": [{"name": "custom/final_story/28","stream": true}]
	},
	"custom.final_story.29": {
		"category": "ambient",
		"replace": true,
		"sounds": [{"name": "custom/final_story/29","stream": true}]
	},
	"custom.final_story.30": {
		"category": "ambient",
		"replace": true,
		"sounds": [{"name": "custom/final_story/30","stream": true}]
	},
	"custom.final_story.31": {
		"category": "ambient",
		"replace": true,
		"sounds": [{"name": "custom/final_story/31","stream": true}]
	},
	"custom.final_story.32": {
		"category": "ambient",
		"replace": true,
		"sounds": [{"name": "custom/final_story/32","stream": true}]
	},
	"custom.final_story.battle1": {
		"category": "ambient",
		"replace": true,
		"sounds": [{"name": "custom/final_story/battle1", "stream": true}]
	},
	"custom.final_story.battle2": {
		"category": "ambient",
		"replace": true,
		"sounds": [{"name": "custom/final_story/battle2", "stream": true}]
	},
	
	"custom.se_earth": {
		"category": "ambient",
		"replace": true,
		"sounds": [{"name": "custom/se_earth", "stream": true}]
	},
	"custom.se_fire": {
		"category": "ambient",
		"replace": true,
		"sounds": [{"name": "custom/se_fire", "stream": true}]
	},
	"custom.se_metal": {
		"category": "ambient",
		"replace": true,
		"sounds": [{"name": "custom/se_metal", "stream": true}]
	},
	"custom.se_water": {
		"category": "ambient",
		"replace": true,
		"sounds": [{"name": "custom/se_water", "stream": true}]
	},
	"custom.se_wood": {
		"category": "ambient",
		"replace": true,
		"sounds": [{"name": "custom/se_wood", "stream": true}]
	},
	"custom.event_1": {
		"category": "ambient",
		"replace": true,
		"sounds": [{"name": "custom/event_1", "stream": true}]
	},
	"custom.event_2": {
		"category": "ambient",
		"replace": true,
		"sounds": [{"name": "custom/event_2", "stream": true}]
	},
	"custom.ending.01": {
		"category": "ambient",
		"replace": true,
		"sounds": [{"name": "custom/ending/01","stream": true}]
	},
	"custom.ending.02": {
		"category": "ambient",
		"replace": true,
		"sounds": [{"name": "custom/ending/02","stream": true}]
	},
	"custom.ending.03": {
		"category": "ambient",
		"replace": true,
		"sounds": [{"name": "custom/ending/03","stream": true}]
	},
	"custom.ending.04": {
		"category": "ambient",
		"replace": true,
		"sounds": [{"name": "custom/ending/04","stream": true}]
	},
	"custom.ending.05": {
		"category": "ambient",
		"replace": true,
		"sounds": [{"name": "custom/ending/05","stream": true}]
	},
	"custom.ending.06": {
		"category": "ambient",
		"replace": true,
		"sounds": [{"name": "custom/ending/06","stream": true}]
	},
	"custom.ending.07": {
		"category": "ambient",
		"replace": true,
		"sounds": [{"name": "custom/ending/07","stream": true}]
	},
	"custom.ending.08": {
		"category": "ambient",
		"replace": true,
		"sounds": [{"name": "custom/ending/08","stream": true}]
	},
	"custom.ending.09": {
		"category": "ambient",
		"replace": true,
		"sounds": [{"name": "custom/ending/09","stream": true}]
	},
	"custom.ending.10": {
		"category": "ambient",
		"replace": true,
		"sounds": [{"name": "custom/ending/10","stream": true}]
	},
	"custom.ending.11": {
		"category": "ambient",
		"replace": true,
		"sounds": [{"name": "custom/ending/11","stream": true}]
	},
	"custom.ending.12": {
		"category": "ambient",
		"replace": true,
		"sounds": [{"name": "custom/ending/12","stream": true}]
	},
	"custom.ending.13": {
		"category": "ambient",
		"replace": true,
		"sounds": [{"name": "custom/ending/13","stream": true}]
	},
	"custom.ending.14": {
		"category": "ambient",
		"replace": true,
		"sounds": [{"name": "custom/ending/14","stream": true}]
	},
	"custom.ending.15": {
		"category": "ambient",
		"replace": true,
		"sounds": [{"name": "custom/ending/15","stream": true}]
	},
	"custom.ending.16": {
		"category": "ambient",
		"replace": true,
		"sounds": [{"name": "custom/ending/16","stream": true}]
	},
	"custom.ending.17": {
		"category": "ambient",
		"replace": true,
		"sounds": [{"name": "custom/ending/17","stream": true}]
	},
	"custom.ending.18": {
		"category": "ambient",
		"replace": true,
		"sounds": [{"name": "custom/ending/18","stream": true}]
	}
}